Date,Day,Dinner,Plates in Phase 1,Plates in Phase 2,Plates in Phase 3,Plates in Phase 4,Plate Dum,Event,Total Students
01-04-2022,weekday,"('Egg Cury', 'Matar Makhana', 'Dhana Dal')",525,1808,1949,1209,6855,FALSE,5491
02-04-2022,weekend,"('Corn Capsicum', 'Veg Manchurian', 'Arhar Dal tadka')",553,1972,1695,1200,6032,FALSE,5420
03-04-2022,weekend,"('Corn Capsicum', 'Veg Manchurian', 'Arhar Dal tadka')",676,1931,1656,1323,6825,FALSE,5586
04-04-2022,weekday,"('Veg Jalfrezi', 'Paneer Lababdar', 'Red masoor')",610,1834,1630,1218,5307,FALSE,5292
05-04-2022,weekday,"('Gajar Matar', 'Kadhai soya', 'Black masoor dal')",607,1827,1613,1408,6187,FALSE,5455
06-04-2022,weekday,"('Egg Cury', 'Matar Makhana', 'Dhana Dal')",619,1927,1659,1291,6258,FALSE,5496
07-04-2022,weekday,"('Corn Capsicum', 'Veg Manchurian', 'Arhar Dal tadka')",544,1897,1830,1212,6022,FALSE,5483
08-04-2022,weekday,"('Gatta Cury', 'Tawa vegetable', 'Pindi choley')",516,1914,1646,1360,7339,FALSE,5436
09-04-2022,weekend,"('Corn Capsicum', 'Veg Manchurian', 'Arhar Dal tadka')",594,1811,1657,1344,5942,FALSE,5406
10-04-2022,weekend,"('Gobhi matar', 'Sev tamatar', 'kala channa')",516,1808,1903,1210,6298,FALSE,5437
11-04-2022,weekday,"('Gajar Matar', 'Kadhai soya', 'Black masoor dal')",520,1972,1707,1287,6687,FALSE,5486
12-04-2022,weekday,"('Gatta Cury', 'Tawa vegetable', 'Pindi choley')",531,1801,1687,1312,7391,FALSE,5331
13-04-2022,weekday,"('Gatta Cury', 'Tawa vegetable', 'Pindi choley')",547,1814,1714,1361,7980,TRUE,5436
14-04-2022,weekday,"('Gajar Matar', 'Kadhai soya', 'Black masoor dal')",520,1877,1728,1287,5812,FALSE,5412
15-04-2022,weekday,"('Gobhi matar', 'Sev tamatar', 'kala channa')",519,1913,1655,1265,7205,FALSE,5352
16-04-2022,weekend,"('Egg Cury', 'Matar Makhana', 'Dhana Dal')",81,1966,1706,1290,5066,FALSE,5043
17-04-2022,weekend,"('Gatta Cury', 'Tawa vegetable', 'Pindi choley')",609,2107,1601,1219,6185,FALSE,5536
18-04-2022,weekday,"('Gajar Matar', 'Kadhai soya', 'Black masoor dal')",591,1988,1618,1278,7321,FALSE,5475
19-04-2022,weekday,"('Gajar Matar', 'Kadhai soya', 'Black masoor dal')",703,1858,1668,1202,6794,FALSE,5431
20-04-2022,weekday,"('Gatta Cury', 'Tawa vegetable', 'Pindi choley')",595,1852,1687,1336,7751,FALSE,5470
21-04-2022,weekday,"('Egg Cury', 'Matar Makhana', 'Dhana Dal')",548,1900,1660,1226,7269,TRUE,5334
22-04-2022,weekday,"('Corn Capsicum', 'Veg Manchurian', 'Arhar Dal tadka')",592,1804,1748,1275,6968,FALSE,5419
23-04-2022,weekend,"('Egg Cury', 'Matar Makhana', 'Dhana Dal')",41,2133,1825,1226,5248,FALSE,5225
24-04-2022,weekend,"('Sitafai subzi', 'Lauki Kofta curry', 'Mix dal')",565,1835,1653,1210,6652,FALSE,1263
25-04-2022,weekday,"('Gajar Matar', 'Kadhai soya', 'Black masoor dal')",523,1846,1708,1277,6460,FALSE,5354
26-04-2022,weekday,"('Egg Cury', 'Matar Makhana', 'Dhana Dal')",519,1896,1694,1326,6594,FALSE,5435
27-04-2022,weekday,"('Veg Jalfrezi', 'Paneer Lababdar', 'Red masoor')",514,2000,1689,1215,6165,FALSE,5418
28-04-2022,weekday,"('Gatta Cury', 'Tawa vegetable', 'Pindi choley')",536,1859,1686,1386,6975,FALSE,5467
29-04-2022,weekday,"('Corn Capsicum', 'Veg Manchurian', 'Arhar Dal tadka')",598,1873,1766,1206,6480,FALSE,5443
30-04-2022,weekend,"('Sitafai subzi', 'Lauki Kofta curry', 'Mix dal')",630,2030,1688,1212,6234,FALSE,1260
01-05-2022,weekend,"('Egg Cury', 'Matar Makhana', 'Dhana Dal')",607,1819,1822,1336,6536,FALSE,5584
02-05-2022,weekday,"('Egg Cury', 'Matar Makhana', 'Dhana Dal')",511,1923,1664,1232,6302,FALSE,5330
03-05-2022,weekday,"('Sitafai subzi', 'Lauki Kofta curry', 'Mix dal')",545,1979,1628,1278,7055,FALSE,5430
04-05-2022,weekday,"('Gajar Matar', 'Kadhai soya', 'Black masoor dal')",518,1934,1730,1267,7017,FALSE,5449
05-05-2022,weekday,"('Gatta Cury', 'Tawa vegetable', 'Pindi choley')",535,1957,1721,1280,6087,FALSE,5493
06-05-2022,weekday,"('Gobhi matar', 'Sev tamatar', 'kala channa')",604,1907,1738,1236,6806,FALSE,5485
07-05-2022,weekend,"('Veg Jalfrezi', 'Paneer Lababdar', 'Red masoor')",519,1813,1684,1278,7135,FALSE,5294
08-05-2022,weekend,"('Egg Cury', 'Matar Makhana', 'Dhana Dal')",660,1818,1699,1421,6667,TRUE,5598
09-05-2022,weekday,"('Gatta Cury', 'Tawa vegetable', 'Pindi choley')",604,1900,1613,1264,6872,TRUE,5381
10-05-2022,weekday,"('Gatta Cury', 'Tawa vegetable', 'Pindi choley')",629,1991,1616,1247,6305,FALSE,5483
11-05-2022,weekday,"('Gobhi matar', 'Sev tamatar', 'kala channa')",610,1824,1764,1269,6100,FALSE,5467
12-05-2022,weekday,"('Egg Cury', 'Matar Makhana', 'Dhana Dal')",798,1826,1602,1204,6579,FALSE,5430
13-05-2022,weekday,"('Sitafai subzi', 'Lauki Kofta curry', 'Mix dal')",530,1489,1254,1013,6070,FALSE,2286
14-05-2022,weekend,"('Veg Jalfrezi', 'Paneer Lababdar', 'Red masoor')",528,1871,1622,1561,5861,FALSE,5582
15-05-2022,weekend,"('Sitafai subzi', 'Lauki Kofta curry', 'Mix dal')",554,1815,1861,1342,6242,FALSE,5572
16-05-2022,weekday,"('Corn Capsicum', 'Veg Manchurian', 'Arhar Dal tadka')",528,1842,1672,1345,6163,FALSE,5387
17-05-2022,weekday,"('Sitafai subzi', 'Lauki Kofta curry', 'Mix dal')",602,1815,1742,1223,7177,FALSE,5382
18-05-2022,weekday,"('Veg Jalfrezi', 'Paneer Lababdar', 'Red masoor')",540,2079,1610,1255,6953,FALSE,5484
19-05-2022,weekday,"('Egg Cury', 'Matar Makhana', 'Dhana Dal')",519,1920,1733,1277,7294,FALSE,5449
20-05-2022,weekday,"('Gobhi matar', 'Sev tamatar', 'kala channa')",572,1961,1603,1237,6974,TRUE,5373
21-05-2022,weekend,"('Veg Jalfrezi', 'Paneer Lababdar', 'Red masoor')",561,1827,1850,1268,6706,FALSE,5506
22-05-2022,weekend,"('Corn Capsicum', 'Veg Manchurian', 'Arhar Dal tadka')",558,1895,1797,1298,6254,FALSE,5548
23-05-2022,weekday,"('Gajar Matar', 'Kadhai soya', 'Black masoor dal')",502,1865,1649,1325,6601,FALSE,5341
24-05-2022,weekday,"('Veg Jalfrezi', 'Paneer Lababdar', 'Red masoor')",576,1958,1664,1210,7215,FALSE,5408
25-05-2022,weekday,"('Corn Capsicum', 'Veg Manchurian', 'Arhar Dal tadka')",547,1894,1618,1395,6885,FALSE,5454
26-05-2022,weekday,"('Veg Jalfrezi', 'Paneer Lababdar', 'Red masoor')",645,1976,1613,1225,7229,FALSE,5459
27-05-2022,weekday,"('Sitafai subzi', 'Lauki Kofta curry', 'Mix dal')",563,1901,1805,1218,7012,FALSE,1487
28-05-2022,weekend,"('Egg Cury', 'Matar Makhana', 'Dhana Dal')",622,1819,1687,1234,6183,FALSE,5362
29-05-2022,weekend,"('Corn Capsicum', 'Veg Manchurian', 'Arhar Dal tadka')",512,2063,1780,1220,6394,FALSE,5575
30-05-2022,weekday,"('Gatta Cury', 'Tawa vegetable', 'Pindi choley')",605,1809,1703,1273,6366,TRUE,5390
31-05-2022,weekday,"('Gobhi matar', 'Sev tamatar', 'kala channa')",511,1926,1747,1208,6794,FALSE,5392
01-06-2022,weekday,"('Gobhi matar', 'Sev tamatar', 'kala channa')",501,1807,1741,1374,6781,FALSE,5423
02-06-2022,weekday,"('Veg Jalfrezi', 'Paneer Lababdar', 'Red masoor')",511,1853,1880,1231,6713,FALSE,5475
03-06-2022,weekday,"('Corn Capsicum', 'Veg Manchurian', 'Arhar Dal tadka')",513,1979,1717,1252,7063,FALSE,5461
04-06-2022,weekend,"('Egg Cury', 'Matar Makhana', 'Dhana Dal')",576,1828,1964,1206,7355,FALSE,5574
05-06-2022,weekend,"('Gajar Matar', 'Kadhai soya', 'Black masoor dal')",513,1890,1770,1419,6795,FALSE,5592
06-06-2022,weekday,"('Veg Jalfrezi', 'Paneer Lababdar', 'Red masoor')",606,1854,1717,1219,6372,FALSE,5396
07-06-2022,weekday,"('Veg Jalfrezi', 'Paneer Lababdar', 'Red masoor')",506,1827,1663,1391,6689,FALSE,5387
08-06-2022,weekday,"('Gatta Cury', 'Tawa vegetable', 'Pindi choley')",626,1859,1633,1309,7142,FALSE,5427
09-06-2022,weekday,"('Gatta Cury', 'Tawa vegetable', 'Pindi choley')",524,1979,1605,1318,6695,FALSE,5426
10-06-2022,weekday,"('Gatta Cury', 'Tawa vegetable', 'Pindi choley')",764,1801,1617,1305,7035,FALSE,5487
11-06-2022,weekend,"('Sitafai subzi', 'Lauki Kofta curry', 'Mix dal')",501,1931,1607,1459,5934,FALSE,5498
12-06-2022,weekend,"('Gajar Matar', 'Kadhai soya', 'Black masoor dal')",21,2180,1703,1572,5491,FALSE,5476
13-06-2022,weekday,"('Corn Capsicum', 'Veg Manchurian', 'Arhar Dal tadka')",750,1848,1622,1217,6867,FALSE,5437
14-06-2022,weekday,"('Gatta Cury', 'Tawa vegetable', 'Pindi choley')",625,1960,1673,1229,7217,FALSE,5487
15-06-2022,weekday,"('Egg Cury', 'Matar Makhana', 'Dhana Dal')",719,1853,1625,1262,7443,FALSE,5459
16-06-2022,weekday,"('Egg Cury', 'Matar Makhana', 'Dhana Dal')",561,1827,1801,1227,6664,FALSE,5416
17-06-2022,weekday,"('Gatta Cury', 'Tawa vegetable', 'Pindi choley')",585,1903,1735,1224,7014,FALSE,5447
18-06-2022,weekend,"('Sitafai subzi', 'Lauki Kofta curry', 'Mix dal')",531,2186,1610,1240,6111,FALSE,5567
19-06-2022,weekend,"('Egg Cury', 'Matar Makhana', 'Dhana Dal')",692,1841,1679,1277,6134,FALSE,5489
20-06-2022,weekday,"('Gobhi matar', 'Sev tamatar', 'kala channa')",605,1853,1750,1264,7089,FALSE,5472
21-06-2022,weekday,"('Corn Capsicum', 'Veg Manchurian', 'Arhar Dal tadka')",547,1871,1702,1217,6631,FALSE,5337
22-06-2022,weekday,"('Veg Jalfrezi', 'Paneer Lababdar', 'Red masoor')",538,1859,1658,1224,6240,FALSE,5279
23-06-2022,weekday,"('Egg Cury', 'Matar Makhana', 'Dhana Dal')",651,1806,1682,1224,6804,FALSE,5363
24-06-2022,weekday,"('Veg Jalfrezi', 'Paneer Lababdar', 'Red masoor')",505,1881,1718,1280,6143,FALSE,5384
25-06-2022,weekend,"('Gatta Cury', 'Tawa vegetable', 'Pindi choley')",612,1925,1615,1321,6973,FALSE,5473
26-06-2022,weekend,"('Gajar Matar', 'Kadhai soya', 'Black masoor dal')",514,1895,1900,1237,6149,FALSE,5546
27-06-2022,weekday,"('Gobhi matar', 'Sev tamatar', 'kala channa')",674,1892,1627,1278,7132,TRUE,5471
28-06-2022,weekday,"('Gatta Cury', 'Tawa vegetable', 'Pindi choley')",582,1968,1623,1283,6684,FALSE,5456
29-06-2022,weekday,"('Corn Capsicum', 'Veg Manchurian', 'Arhar Dal tadka')",637,1852,1615,1236,7144,FALSE,5340
30-06-2022,weekday,"('Gajar Matar', 'Kadhai soya', 'Black masoor dal')",569,1846,1606,1270,7018,FALSE,5291
01-07-2022,weekday,"('Gatta Cury', 'Tawa vegetable', 'Pindi choley')",620,1879,1737,1225,6293,FALSE,5461
02-07-2022,weekend,"('Sitafai subzi', 'Lauki Kofta curry', 'Mix dal')",501,2045,1752,1249,6201,FALSE,5547
03-07-2022,weekend,"('Corn Capsicum', 'Veg Manchurian', 'Arhar Dal tadka')",561,1962,1703,1373,6755,FALSE,5599
04-07-2022,weekday,"('Sitafai subzi', 'Lauki Kofta curry', 'Mix dal')",553,2023,1705,1203,6597,FALSE,5484
05-07-2022,weekday,"('Sitafai subzi', 'Lauki Kofta curry', 'Mix dal')",525,1837,1748,1210,6767,FALSE,5320
06-07-2022,weekday,"('Corn Capsicum', 'Veg Manchurian', 'Arhar Dal tadka')",515,1951,1815,1205,6918,FALSE,5486
07-07-2022,weekday,"('Corn Capsicum', 'Veg Manchurian', 'Arhar Dal tadka')",568,1979,1624,1203,7176,TRUE,5374
08-07-2022,weekday,"('Gajar Matar', 'Kadhai soya', 'Black masoor dal')",526,1849,1907,1206,6167,FALSE,5488
09-07-2022,weekend,"('Veg Jalfrezi', 'Paneer Lababdar', 'Red masoor')",556,1974,1742,1218,6357,FALSE,5490
10-07-2022,weekend,"('Egg Cury', 'Matar Makhana', 'Dhana Dal')",584,1883,1694,1338,6015,FALSE,5499
11-07-2022,weekday,"('Gobhi matar', 'Sev tamatar', 'kala channa')",638,1825,1807,1222,6953,FALSE,5492
12-07-2022,weekday,"('Gobhi matar', 'Sev tamatar', 'kala channa')",535,1857,1868,1235,7340,FALSE,5495
13-07-2022,weekday,"('Veg Jalfrezi', 'Paneer Lababdar', 'Red masoor')",549,1857,1674,1393,7222,FALSE,5473
14-07-2022,weekday,"('Corn Capsicum', 'Veg Manchurian', 'Arhar Dal tadka')",530,1837,1702,1350,6795,FALSE,5419
15-07-2022,weekday,"('Corn Capsicum', 'Veg Manchurian', 'Arhar Dal tadka')",537,1815,1632,1392,6829,FALSE,5376
16-07-2022,weekend,"('Gobhi matar', 'Sev tamatar', 'kala channa')",748,1866,1780,1206,6494,TRUE,5600
17-07-2022,weekend,"('Gobhi matar', 'Sev tamatar', 'kala channa')",42,1809,1689,1619,5186,FALSE,5159
18-07-2022,weekday,"('Egg Cury', 'Matar Makhana', 'Dhana Dal')",582,1830,1600,1234,6532,FALSE,5246
19-07-2022,weekday,"('Corn Capsicum', 'Veg Manchurian', 'Arhar Dal tadka')",544,1854,1874,1202,6567,FALSE,5474
20-07-2022,weekday,"('Gatta Cury', 'Tawa vegetable', 'Pindi choley')",578,1868,1694,1220,6060,TRUE,5360
21-07-2022,weekday,"('Gobhi matar', 'Sev tamatar', 'kala channa')",521,2055,1689,1201,5963,FALSE,5466
22-07-2022,weekday,"('Veg Jalfrezi', 'Paneer Lababdar', 'Red masoor')",509,2063,1613,1220,6703,FALSE,5405
23-07-2022,weekend,"('Egg Cury', 'Matar Makhana', 'Dhana Dal')",574,1882,1741,1253,5986,FALSE,5450
24-07-2022,weekend,"('Veg Jalfrezi', 'Paneer Lababdar', 'Red masoor')",578,1884,1718,1289,6037,FALSE,5469
25-07-2022,weekday,"('Gobhi matar', 'Sev tamatar', 'kala channa')",549,1868,1653,1298,6924,FALSE,5368
26-07-2022,weekday,"('Gatta Cury', 'Tawa vegetable', 'Pindi choley')",622,1979,1624,1245,7090,FALSE,5470
27-07-2022,weekday,"('Gatta Cury', 'Tawa vegetable', 'Pindi choley')",539,1868,1651,1231,6252,TRUE,5289
28-07-2022,weekday,"('Gatta Cury', 'Tawa vegetable', 'Pindi choley')",608,1854,1641,1260,6958,FALSE,5363
29-07-2022,weekday,"('Corn Capsicum', 'Veg Manchurian', 'Arhar Dal tadka')",599,1824,1689,1355,6649,FALSE,5467
30-07-2022,weekend,"('Veg Jalfrezi', 'Paneer Lababdar', 'Red masoor')",501,2137,1647,1212,7174,TRUE,5497
31-07-2022,weekend,"('Gobhi matar', 'Sev tamatar', 'kala channa')",37,2177,1692,1451,5399,FALSE,5357
01-08-2022,weekday,"('Corn Capsicum', 'Veg Manchurian', 'Arhar Dal tadka')",535,1949,1674,1253,6843,FALSE,5411
02-08-2022,weekday,"('Veg Jalfrezi', 'Paneer Lababdar', 'Red masoor')",616,1896,1632,1275,7043,FALSE,5419
03-08-2022,weekday,"('Egg Cury', 'Matar Makhana', 'Dhana Dal')",551,1828,1623,1274,7214,FALSE,5276
04-08-2022,weekday,"('Egg Cury', 'Matar Makhana', 'Dhana Dal')",522,2077,1603,1206,7654,FALSE,5408
05-08-2022,weekday,"('Gobhi matar', 'Sev tamatar', 'kala channa')",672,1857,1669,1271,6313,FALSE,5469
06-08-2022,weekend,"('Gobhi matar', 'Sev tamatar', 'kala channa')",38,1860,2223,1311,5445,FALSE,5432
07-08-2022,weekend,"('Sitafai subzi', 'Lauki Kofta curry', 'Mix dal')",508,2011,1796,1281,6372,FALSE,5596
08-08-2022,weekday,"('Corn Capsicum', 'Veg Manchurian', 'Arhar Dal tadka')",644,1832,1666,1232,6869,FALSE,5374
09-08-2022,weekday,"('Sitafai subzi', 'Lauki Kofta curry', 'Mix dal')",509,2070,1695,1219,7149,FALSE,5493
10-08-2022,weekday,"('Sitafai subzi', 'Lauki Kofta curry', 'Mix dal')",706,1806,1719,1245,6417,FALSE,5476
11-08-2022,weekday,"('Corn Capsicum', 'Veg Manchurian', 'Arhar Dal tadka')",538,1834,1658,1346,7191,FALSE,5376
12-08-2022,weekday,"('Sitafai subzi', 'Lauki Kofta curry', 'Mix dal')",741,1824,1647,1201,6778,TRUE,5413
13-08-2022,weekend,"('Gajar Matar', 'Kadhai soya', 'Black masoor dal')",582,1855,1804,1269,6713,FALSE,5510
14-08-2022,weekend,"('Gobhi matar', 'Sev tamatar', 'kala channa')",504,2043,1699,1351,6660,FALSE,5597
15-08-2022,weekday,"('Gobhi matar', 'Sev tamatar', 'kala channa')",544,1882,1765,1229,6299,FALSE,5420
16-08-2022,weekday,"('Gajar Matar', 'Kadhai soya', 'Black masoor dal')",589,2009,1645,1240,6936,FALSE,5483
17-08-2022,weekday,"('Sitafai subzi', 'Lauki Kofta curry', 'Mix dal')",654,1804,1637,1365,6456,FALSE,5460
18-08-2022,weekday,"('Gatta Cury', 'Tawa vegetable', 'Pindi choley')",724,1824,1600,1203,7043,FALSE,5351
19-08-2022,weekday,"('Gajar Matar', 'Kadhai soya', 'Black masoor dal')",545,1863,1632,1389,6419,FALSE,5429
20-08-2022,weekend,"('Sitafai subzi', 'Lauki Kofta curry', 'Mix dal')",667,1819,1669,1431,6243,FALSE,5586
21-08-2022,weekend,"('Gajar Matar', 'Kadhai soya', 'Black masoor dal')",591,1896,1826,1278,6042,FALSE,5591
22-08-2022,weekday,"('Gajar Matar', 'Kadhai soya', 'Black masoor dal')",700,1909,1647,1224,6805,FALSE,5480
23-08-2022,weekday,"('Gobhi matar', 'Sev tamatar', 'kala channa')",500,1954,1722,1284,7750,FALSE,5460
24-08-2022,weekday,"('Gatta Cury', 'Tawa vegetable', 'Pindi choley')",561,1850,1775,1201,7732,FALSE,5387
25-08-2022,weekday,"('Egg Cury', 'Matar Makhana', 'Dhana Dal')",591,1971,1659,1252,6857,FALSE,5473
26-08-2022,weekday,"('Gobhi matar', 'Sev tamatar', 'kala channa')",550,1878,1647,1330,6444,FALSE,5405
27-08-2022,weekend,"('Gajar Matar', 'Kadhai soya', 'Black masoor dal')",571,1868,1649,1396,6883,FALSE,5484
28-08-2022,weekend,"('Sitafai subzi', 'Lauki Kofta curry', 'Mix dal')",597,1908,1640,1352,6821,FALSE,5497
29-08-2022,weekday,"('Gatta Cury', 'Tawa vegetable', 'Pindi choley')",712,1800,1697,1247,6578,FALSE,5456
30-08-2022,weekday,"('Corn Capsicum', 'Veg Manchurian', 'Arhar Dal tadka')",534,1928,1673,1200,6920,FALSE,5335
31-08-2022,weekday,"('Veg Jalfrezi', 'Paneer Lababdar', 'Red masoor')",598,1912,1609,1358,6128,FALSE,5477
01-09-2022,weekday,"('Veg Jalfrezi', 'Paneer Lababdar', 'Red masoor')",537,1808,1760,1356,6666,FALSE,5461
02-09-2022,weekday,"('Egg Cury', 'Matar Makhana', 'Dhana Dal')",532,1864,1657,1208,6664,FALSE,5261
03-09-2022,weekend,"('Egg Cury', 'Matar Makhana', 'Dhana Dal')",716,1831,1724,1227,6053,FALSE,5498
04-09-2022,weekend,"('Sitafai subzi', 'Lauki Kofta curry', 'Mix dal')",42,2444,1715,1351,5597,FALSE,5552
05-09-2022,weekday,"('Egg Cury', 'Matar Makhana', 'Dhana Dal')",515,2025,1619,1285,6666,FALSE,5444
06-09-2022,weekday,"('Corn Capsicum', 'Veg Manchurian', 'Arhar Dal tadka')",532,2026,1615,1307,7376,FALSE,5480
07-09-2022,weekday,"('Sitafai subzi', 'Lauki Kofta curry', 'Mix dal')",565,1914,1735,1246,6902,FALSE,5460
08-09-2022,weekday,"('Veg Jalfrezi', 'Paneer Lababdar', 'Red masoor')",506,1813,1784,1341,6051,FALSE,5444
09-09-2022,weekday,"('Gatta Cury', 'Tawa vegetable', 'Pindi choley')",566,1931,1608,1249,7127,FALSE,5354
10-09-2022,weekend,"('Sitafai subzi', 'Lauki Kofta curry', 'Mix dal')",537,1885,1686,1426,6306,FALSE,5534
11-09-2022,weekend,"('Corn Capsicum', 'Veg Manchurian', 'Arhar Dal tadka')",505,1808,1891,1317,6428,FALSE,5521
12-09-2022,weekday,"('Gobhi matar', 'Sev tamatar', 'kala channa')",548,1923,1625,1342,7085,FALSE,5438
13-09-2022,weekday,"('Sitafai subzi', 'Lauki Kofta curry', 'Mix dal')",651,1865,1627,1354,6386,FALSE,5497
14-09-2022,weekday,"('Corn Capsicum', 'Veg Manchurian', 'Arhar Dal tadka')",506,2012,1605,1248,6487,FALSE,5371
15-09-2022,weekday,"('Egg Cury', 'Matar Makhana', 'Dhana Dal')",531,1841,1768,1324,6292,FALSE,5464
16-09-2022,weekday,"('Gatta Cury', 'Tawa vegetable', 'Pindi choley')",537,1939,1609,1375,6081,FALSE,5460
17-09-2022,weekend,"('Gobhi matar', 'Sev tamatar', 'kala channa')",715,1835,1703,1331,5775,FALSE,5584
18-09-2022,weekend,"('Egg Cury', 'Matar Makhana', 'Dhana Dal')",80,1877,1939,1460,5382,FALSE,5356
19-09-2022,weekday,"('Gajar Matar', 'Kadhai soya', 'Black masoor dal')",531,1862,1703,1233,6124,FALSE,5329
20-09-2022,weekday,"('Sitafai subzi', 'Lauki Kofta curry', 'Mix dal')",643,1954,1624,1215,6799,FALSE,5436
21-09-2022,weekday,"('Veg Jalfrezi', 'Paneer Lababdar', 'Red masoor')",502,1879,1663,1338,7246,FALSE,5382
22-09-2022,weekday,"('Corn Capsicum', 'Veg Manchurian', 'Arhar Dal tadka')",504,1862,1890,1225,6060,FALSE,5481
23-09-2022,weekday,"('Gatta Cury', 'Tawa vegetable', 'Pindi choley')",550,1890,1670,1338,6375,TRUE,5448
24-09-2022,weekend,"('Sitafai subzi', 'Lauki Kofta curry', 'Mix dal')",53,2079,2026,1309,5496,FALSE,5467
25-09-2022,weekend,"('Gobhi matar', 'Sev tamatar', 'kala channa')",631,1831,1787,1318,5987,FALSE,5567
26-09-2022,weekday,"('Egg Cury', 'Matar Makhana', 'Dhana Dal')",616,1890,1747,1225,5803,FALSE,5478
27-09-2022,weekday,"('Gajar Matar', 'Kadhai soya', 'Black masoor dal')",524,1982,1718,1251,6855,FALSE,5475
28-09-2022,weekday,"('Gajar Matar', 'Kadhai soya', 'Black masoor dal')",586,1802,1676,1388,6785,FALSE,5452
29-09-2022,weekday,"('Veg Jalfrezi', 'Paneer Lababdar', 'Red masoor')",591,1885,1637,1229,6370,FALSE,5342
30-09-2022,weekday,"('Corn Capsicum', 'Veg Manchurian', 'Arhar Dal tadka')",533,1815,1737,1361,7298,FALSE,5446
01-10-2022,weekend,"('Corn Capsicum', 'Veg Manchurian', 'Arhar Dal tadka')",535,1979,1611,1308,6608,FALSE,5433
02-10-2022,weekend,"('Corn Capsicum', 'Veg Manchurian', 'Arhar Dal tadka')",505,1996,1685,1275,6281,FALSE,5461
03-10-2022,weekday,"('Corn Capsicum', 'Veg Manchurian', 'Arhar Dal tadka')",581,1815,1608,1319,5792,FALSE,5323
04-10-2022,weekday,"('Corn Capsicum', 'Veg Manchurian', 'Arhar Dal tadka')",571,1804,1602,1317,7153,FALSE,5294
05-10-2022,weekday,"('Egg Cury', 'Matar Makhana', 'Dhana Dal')",573,1885,1619,1205,6802,FALSE,5282
06-10-2022,weekday,"('Egg Cury', 'Matar Makhana', 'Dhana Dal')",526,2009,1647,1241,6141,FALSE,5423
07-10-2022,weekday,"('Corn Capsicum', 'Veg Manchurian', 'Arhar Dal tadka')",654,1812,1681,1227,5727,FALSE,5374
08-10-2022,weekend,"('Sitafai subzi', 'Lauki Kofta curry', 'Mix dal')",519,1833,1752,1213,6323,FALSE,5317
09-10-2022,weekend,"('Egg Cury', 'Matar Makhana', 'Dhana Dal')",628,1887,1680,1316,5918,FALSE,5511
10-10-2022,weekday,"('Sitafai subzi', 'Lauki Kofta curry', 'Mix dal')",526,1945,1768,1244,6623,FALSE,5483
11-10-2022,weekday,"('Egg Cury', 'Matar Makhana', 'Dhana Dal')",619,1857,1666,1314,6715,FALSE,5456
12-10-2022,weekday,"('Veg Jalfrezi', 'Paneer Lababdar', 'Red masoor')",621,1937,1661,1273,6483,FALSE,5492
13-10-2022,weekday,"('Egg Cury', 'Matar Makhana', 'Dhana Dal')",576,1837,1617,1238,6205,FALSE,5268
14-10-2022,weekday,"('Gobhi matar', 'Sev tamatar', 'kala channa')",503,1831,1854,1210,6838,FALSE,5398
15-10-2022,weekend,"('Veg Jalfrezi', 'Paneer Lababdar', 'Red masoor')",568,1872,1668,1399,6502,FALSE,5507
16-10-2022,weekend,"('Egg Cury', 'Matar Makhana', 'Dhana Dal')",63,1934,1712,1760,5507,FALSE,5469
17-10-2022,weekday,"('Gatta Cury', 'Tawa vegetable', 'Pindi choley')",525,1880,1683,1258,7479,FALSE,5346
18-10-2022,weekday,"('Gajar Matar', 'Kadhai soya', 'Black masoor dal')",577,1809,1661,1263,6095,FALSE,5310
19-10-2022,weekday,"('Sitafai subzi', 'Lauki Kofta curry', 'Mix dal')",667,1895,1617,1216,7868,FALSE,5395
20-10-2022,weekday,"('Gajar Matar', 'Kadhai soya', 'Black masoor dal')",550,1893,1649,1248,6513,FALSE,5340
21-10-2022,weekday,"('Gajar Matar', 'Kadhai soya', 'Black masoor dal')",569,1811,1774,1275,6909,FALSE,5429
22-10-2022,weekend,"('Veg Jalfrezi', 'Paneer Lababdar', 'Red masoor')",535,1898,1742,1207,5840,FALSE,5382
23-10-2022,weekend,"('Egg Cury', 'Matar Makhana', 'Dhana Dal')",774,1886,1646,1202,6182,FALSE,5508
24-10-2022,weekday,"('Egg Cury', 'Matar Makhana', 'Dhana Dal')",622,1845,1787,1212,7505,FALSE,5466
25-10-2022,weekday,"('Gajar Matar', 'Kadhai soya', 'Black masoor dal')",612,1804,1734,1212,5962,FALSE,5362
26-10-2022,weekday,"('Gobhi matar', 'Sev tamatar', 'kala channa')",558,1813,1706,1214,6686,FALSE,5291
27-10-2022,weekday,"('Corn Capsicum', 'Veg Manchurian', 'Arhar Dal tadka')",508,1971,1701,1210,6654,FALSE,5390
28-10-2022,weekday,"('Gatta Cury', 'Tawa vegetable', 'Pindi choley')",554,1864,1785,1250,6196,FALSE,5453
29-10-2022,weekend,"('Veg Jalfrezi', 'Paneer Lababdar', 'Red masoor')",560,1866,1630,1342,6082,FALSE,5398
30-10-2022,weekend,"('Egg Cury', 'Matar Makhana', 'Dhana Dal')",573,2090,1647,1226,6654,FALSE,5536
31-10-2022,weekday,"('Corn Capsicum', 'Veg Manchurian', 'Arhar Dal tadka')",523,1862,1625,1422,6441,FALSE,5432
01-11-2022,weekday,"('Veg Jalfrezi', 'Paneer Lababdar', 'Red masoor')",568,1834,1710,1374,7039,FALSE,5486
02-11-2022,weekday,"('Sitafai subzi', 'Lauki Kofta curry', 'Mix dal')",618,1856,1653,1297,6797,FALSE,5424
03-11-2022,weekday,"('Veg Jalfrezi', 'Paneer Lababdar', 'Red masoor')",578,1881,1752,1234,6614,FALSE,5445
04-11-2022,weekday,"('Gatta Cury', 'Tawa vegetable', 'Pindi choley')",648,1808,1732,1301,6691,FALSE,5489
05-11-2022,weekend,"('Gobhi matar', 'Sev tamatar', 'kala channa')",31,1899,1984,1307,5240,FALSE,5221
06-11-2022,weekend,"('Corn Capsicum', 'Veg Manchurian', 'Arhar Dal tadka')",746,1829,1678,1216,6105,FALSE,5469
07-11-2022,weekday,"('Corn Capsicum', 'Veg Manchurian', 'Arhar Dal tadka')",548,1919,1756,1277,6244,FALSE,5500
08-11-2022,weekday,"('Gobhi matar', 'Sev tamatar', 'kala channa')",508,2084,1663,1223,6402,FALSE,5478
09-11-2022,weekday,"('Sitafai subzi', 'Lauki Kofta curry', 'Mix dal')",507,1981,1606,1324,6700,FALSE,5418
10-11-2022,weekday,"('Gobhi matar', 'Sev tamatar', 'kala channa')",565,1885,1725,1310,7687,TRUE,5485
11-11-2022,weekday,"('Gatta Cury', 'Tawa vegetable', 'Pindi choley')",540,2034,1687,1225,6068,FALSE,5486
12-11-2022,weekend,"('Egg Cury', 'Matar Makhana', 'Dhana Dal')",528,1825,1730,1277,6111,FALSE,5360
13-11-2022,weekend,"('Gajar Matar', 'Kadhai soya', 'Black masoor dal')",523,1808,1849,1301,5815,FALSE,5481
14-11-2022,weekday,"('Egg Cury', 'Matar Makhana', 'Dhana Dal')",577,1913,1659,1266,7501,FALSE,5415
15-11-2022,weekday,"('Egg Cury', 'Matar Makhana', 'Dhana Dal')",517,2015,1650,1278,6061,FALSE,5460
16-11-2022,weekday,"('Egg Cury', 'Matar Makhana', 'Dhana Dal')",503,1948,1686,1348,6670,FALSE,5485
17-11-2022,weekday,"('Gatta Cury', 'Tawa vegetable', 'Pindi choley')",537,1858,1796,1287,6835,FALSE,5478
18-11-2022,weekday,"('Corn Capsicum', 'Veg Manchurian', 'Arhar Dal tadka')",715,1806,1731,1219,6843,FALSE,5471
19-11-2022,weekend,"('Gajar Matar', 'Kadhai soya', 'Black masoor dal')",562,1857,1777,1398,6009,FALSE,5594
20-11-2022,weekend,"('Sitafai subzi', 'Lauki Kofta curry', 'Mix dal')",652,1945,1682,1292,6505,FALSE,5571
21-11-2022,weekday,"('Sitafai subzi', 'Lauki Kofta curry', 'Mix dal')",502,1819,1851,1219,7107,FALSE,5391
22-11-2022,weekday,"('Gatta Cury', 'Tawa vegetable', 'Pindi choley')",667,1828,1678,1218,6137,FALSE,5391
23-11-2022,weekday,"('Gajar Matar', 'Kadhai soya', 'Black masoor dal')",565,1850,1626,1273,6781,FALSE,5314
24-11-2022,weekday,"('Egg Cury', 'Matar Makhana', 'Dhana Dal')",590,1825,1686,1249,6843,FALSE,5350
25-11-2022,weekday,"('Gobhi matar', 'Sev tamatar', 'kala channa')",588,1901,1684,1220,5928,FALSE,5393
26-11-2022,weekend,"('Gatta Cury', 'Tawa vegetable', 'Pindi choley')",574,1863,1785,1313,6310,FALSE,5535
27-11-2022,weekend,"('Gobhi matar', 'Sev tamatar', 'kala channa')",643,1816,1669,1348,5918,FALSE,5476
28-11-2022,weekday,"('Veg Jalfrezi', 'Paneer Lababdar', 'Red masoor')",569,1855,1753,1321,6088,FALSE,5498
29-11-2022,weekday,"('Gobhi matar', 'Sev tamatar', 'kala channa')",529,1828,1785,1280,7161,TRUE,5422
30-11-2022,weekday,"('Gobhi matar', 'Sev tamatar', 'kala channa')",569,1944,1620,1287,6329,FALSE,5420
01-12-2022,weekday,"('Egg Cury', 'Matar Makhana', 'Dhana Dal')",691,1877,1666,1247,7528,FALSE,5481
02-12-2022,weekday,"('Sitafai subzi', 'Lauki Kofta curry', 'Mix dal')",632,1965,1604,1295,7121,FALSE,5496
03-12-2022,weekend,"('Gobhi matar', 'Sev tamatar', 'kala channa')",537,1854,1676,1503,6790,FALSE,5570
04-12-2022,weekend,"('Veg Jalfrezi', 'Paneer Lababdar', 'Red masoor')",600,1896,1833,1253,5713,FALSE,5582
05-12-2022,weekday,"('Gajar Matar', 'Kadhai soya', 'Black masoor dal')",501,1848,1729,1359,6196,FALSE,5437
06-12-2022,weekday,"('Veg Jalfrezi', 'Paneer Lababdar', 'Red masoor')",649,1856,1685,1304,5783,FALSE,5494
07-12-2022,weekday,"('Gajar Matar', 'Kadhai soya', 'Black masoor dal')",580,1841,1635,1256,6961,FALSE,5312
08-12-2022,weekday,"('Sitafai subzi', 'Lauki Kofta curry', 'Mix dal')",651,1896,1705,1200,6993,FALSE,5452
09-12-2022,weekday,"('Veg Jalfrezi', 'Paneer Lababdar', 'Red masoor')",534,2070,1674,1213,7136,FALSE,5491
10-12-2022,weekend,"('Gajar Matar', 'Kadhai soya', 'Black masoor dal')",634,1904,1660,1309,6955,FALSE,5507
11-12-2022,weekend,"('Egg Cury', 'Matar Makhana', 'Dhana Dal')",603,1914,1648,1377,6640,FALSE,5542
12-12-2022,weekday,"('Corn Capsicum', 'Veg Manchurian', 'Arhar Dal tadka')",560,1922,1608,1249,6974,FALSE,5339
13-12-2022,weekday,"('Sitafai subzi', 'Lauki Kofta curry', 'Mix dal')",535,2008,1622,1299,6757,FALSE,5464
14-12-2022,weekday,"('Veg Jalfrezi', 'Paneer Lababdar', 'Red masoor')",503,1829,1770,1391,7191,FALSE,5493
15-12-2022,weekday,"('Veg Jalfrezi', 'Paneer Lababdar', 'Red masoor')",581,1938,1618,1220,7460,FALSE,5357
16-12-2022,weekday,"('Gatta Cury', 'Tawa vegetable', 'Pindi choley')",519,1835,1772,1267,6214,FALSE,5393
17-12-2022,weekend,"('Veg Jalfrezi', 'Paneer Lababdar', 'Red masoor')",539,1868,1755,1314,6160,FALSE,5476
18-12-2022,weekend,"('Gatta Cury', 'Tawa vegetable', 'Pindi choley')",657,1856,1610,1385,5976,FALSE,5508
19-12-2022,weekday,"('Gobhi matar', 'Sev tamatar', 'kala channa')",590,1902,1609,1217,6712,FALSE,5318
20-12-2022,weekday,"('Sitafai subzi', 'Lauki Kofta curry', 'Mix dal')",636,1865,1672,1316,6702,FALSE,1489
21-12-2022,weekday,"('Gatta Cury', 'Tawa vegetable', 'Pindi choley')",653,1802,1638,1406,6846,FALSE,5499
22-12-2022,weekday,"('Gatta Cury', 'Tawa vegetable', 'Pindi choley')",595,1818,1653,1260,6463,FALSE,5326
23-12-2022,weekday,"('Egg Cury', 'Matar Makhana', 'Dhana Dal')",648,1830,1619,1339,6988,FALSE,5436
24-12-2022,weekend,"('Corn Capsicum', 'Veg Manchurian', 'Arhar Dal tadka')",99,1877,2120,1393,5534,FALSE,5489
25-12-2022,weekend,"('Corn Capsicum', 'Veg Manchurian', 'Arhar Dal tadka')",8,2214,2032,1296,5567,FALSE,5550
26-12-2022,weekday,"('Corn Capsicum', 'Veg Manchurian', 'Arhar Dal tadka')",632,1806,1715,1207,6556,FALSE,5360
27-12-2022,weekday,"('Sitafai subzi', 'Lauki Kofta curry', 'Mix dal')",613,1805,1693,1354,7212,FALSE,1465
28-12-2022,weekday,"('Sitafai subzi', 'Lauki Kofta curry', 'Mix dal')",515,1809,1746,1277,6648,TRUE,1347
29-12-2022,weekday,"('Gobhi matar', 'Sev tamatar', 'kala channa')",628,1831,1669,1329,6054,FALSE,5457
30-12-2022,weekday,"('Corn Capsicum', 'Veg Manchurian', 'Arhar Dal tadka')",568,1947,1623,1362,6879,FALSE,5500
31-12-2022,weekend,"('Veg Jalfrezi', 'Paneer Lababdar', 'Red masoor')",598,1914,1620,1247,6491,FALSE,5379
01-01-2023,weekend,"('Gajar Matar', 'Kadhai soya', 'Black masoor dal')",677,1884,1810,1209,6268,FALSE,5580
02-01-2023,weekday,"('Gajar Matar', 'Kadhai soya', 'Black masoor dal')",508,1985,1673,1272,5645,FALSE,5438
03-01-2023,weekday,"('Sitafai subzi', 'Lauki Kofta curry', 'Mix dal')",562,1930,1663,1259,6578,FALSE,1414
04-01-2023,weekday,"('Veg Jalfrezi', 'Paneer Lababdar', 'Red masoor')",554,1980,1732,1224,6496,FALSE,5490
05-01-2023,weekday,"('Sitafai subzi', 'Lauki Kofta curry', 'Mix dal')",581,1920,1665,1230,6121,FALSE,1396
06-01-2023,weekday,"('Corn Capsicum', 'Veg Manchurian', 'Arhar Dal tadka')",578,1866,1727,1326,7376,FALSE,5497
07-01-2023,weekend,"('Gobhi matar', 'Sev tamatar', 'kala channa')",591,1976,1654,1265,5873,FALSE,5486
08-01-2023,weekend,"('Sitafai subzi', 'Lauki Kofta curry', 'Mix dal')",518,2027,1717,1259,5632,FALSE,1521
09-01-2023,weekday,"('Gatta Cury', 'Tawa vegetable', 'Pindi choley')",614,1863,1733,1287,7434,FALSE,5497
10-01-2023,weekday,"('Corn Capsicum', 'Veg Manchurian', 'Arhar Dal tadka')",716,1838,1626,1251,6232,FALSE,5431
11-01-2023,weekday,"('Gatta Cury', 'Tawa vegetable', 'Pindi choley')",618,1941,1618,1202,7320,FALSE,5379
12-01-2023,weekday,"('Egg Cury', 'Matar Makhana', 'Dhana Dal')",527,1941,1650,1332,6741,FALSE,5450
13-01-2023,weekday,"('Gobhi matar', 'Sev tamatar', 'kala channa')",538,1994,1748,1220,7504,FALSE,5500
14-01-2023,weekend,"('Veg Jalfrezi', 'Paneer Lababdar', 'Red masoor')",578,1816,1698,1439,6006,FALSE,5531
15-01-2023,weekend,"('Gajar Matar', 'Kadhai soya', 'Black masoor dal')",24,1930,1795,1624,5398,FALSE,5373
16-01-2023,weekday,"('Corn Capsicum', 'Veg Manchurian', 'Arhar Dal tadka')",597,1865,1627,1328,7160,FALSE,5417
17-01-2023,weekday,"('Egg Cury', 'Matar Makhana', 'Dhana Dal')",527,1802,1826,1232,6817,FALSE,5387
18-01-2023,weekday,"('Gatta Cury', 'Tawa vegetable', 'Pindi choley')",527,1804,1693,1376,6422,FALSE,5400
19-01-2023,weekday,"('Sitafai subzi', 'Lauki Kofta curry', 'Mix dal')",559,1808,1669,1335,6652,FALSE,1371
20-01-2023,weekday,"('Gobhi matar', 'Sev tamatar', 'kala channa')",509,1849,1640,1358,6811,FALSE,5356
21-01-2023,weekend,"('Veg Jalfrezi', 'Paneer Lababdar', 'Red masoor')",693,1834,1634,1285,5892,FALSE,5446
22-01-2023,weekend,"('Gatta Cury', 'Tawa vegetable', 'Pindi choley')",103,2124,1713,1387,5339,FALSE,5327
23-01-2023,weekday,"('Gajar Matar', 'Kadhai soya', 'Black masoor dal')",514,1846,1686,1329,7126,FALSE,5375
24-01-2023,weekday,"('Gatta Cury', 'Tawa vegetable', 'Pindi choley')",556,1906,1695,1304,6456,FALSE,5461
25-01-2023,weekday,"('Gobhi matar', 'Sev tamatar', 'kala channa')",594,1838,1670,1328,7175,FALSE,5430
26-01-2023,weekday,"('Veg Jalfrezi', 'Paneer Lababdar', 'Red masoor')",554,1888,1652,1342,6755,TRUE,5436
27-01-2023,weekday,"('Corn Capsicum', 'Veg Manchurian', 'Arhar Dal tadka')",666,1962,1618,1229,7302,FALSE,5475
28-01-2023,weekend,"('Gajar Matar', 'Kadhai soya', 'Black masoor dal')",547,1830,1891,1250,6976,FALSE,5518
29-01-2023,weekend,"('Veg Jalfrezi', 'Paneer Lababdar', 'Red masoor')",615,1836,1648,1307,6579,TRUE,5406
30-01-2023,weekday,"('Gatta Cury', 'Tawa vegetable', 'Pindi choley')",612,1910,1627,1271,7140,FALSE,5420
31-01-2023,weekday,"('Gatta Cury', 'Tawa vegetable', 'Pindi choley')",503,1842,1689,1202,7448,FALSE,5236
01-02-2023,weekday,"('Egg Cury', 'Matar Makhana', 'Dhana Dal')",631,1854,1744,1254,6571,FALSE,5483
02-02-2023,weekday,"('Veg Jalfrezi', 'Paneer Lababdar', 'Red masoor')",538,2064,1661,1203,6387,TRUE,5466
03-02-2023,weekday,"('Gatta Cury', 'Tawa vegetable', 'Pindi choley')",501,1804,1700,1477,6121,FALSE,5482
04-02-2023,weekend,"('Corn Capsicum', 'Veg Manchurian', 'Arhar Dal tadka')",535,1816,1929,1282,5694,FALSE,5562
05-02-2023,weekend,"('Corn Capsicum', 'Veg Manchurian', 'Arhar Dal tadka')",621,1828,1660,1230,6097,FALSE,5339
06-02-2023,weekday,"('Corn Capsicum', 'Veg Manchurian', 'Arhar Dal tadka')",700,1857,1680,1223,7008,FALSE,5460
07-02-2023,weekday,"('Corn Capsicum', 'Veg Manchurian', 'Arhar Dal tadka')",542,1915,1646,1363,7604,FALSE,5466
08-02-2023,weekday,"('Gobhi matar', 'Sev tamatar', 'kala channa')",671,1826,1638,1268,6930,FALSE,5403
09-02-2023,weekday,"('Corn Capsicum', 'Veg Manchurian', 'Arhar Dal tadka')",577,1945,1601,1355,6227,FALSE,5478
10-02-2023,weekday,"('Egg Cury', 'Matar Makhana', 'Dhana Dal')",609,1827,1654,1356,6743,FALSE,5446
11-02-2023,weekend,"('Egg Cury', 'Matar Makhana', 'Dhana Dal')",655,1803,1741,1269,6542,FALSE,5468
12-02-2023,weekend,"('Gatta Cury', 'Tawa vegetable', 'Pindi choley')",675,1934,1721,1245,5852,FALSE,5575
13-02-2023,weekday,"('Gajar Matar', 'Kadhai soya', 'Black masoor dal')",540,1800,1600,1293,6531,FALSE,5233
14-02-2023,weekday,"('Veg Jalfrezi', 'Paneer Lababdar', 'Red masoor')",699,1826,1615,1272,6879,FALSE,5412
15-02-2023,weekday,"('Gajar Matar', 'Kadhai soya', 'Black masoor dal')",524,1956,1757,1203,7410,FALSE,5440
16-02-2023,weekday,"('Gatta Cury', 'Tawa vegetable', 'Pindi choley')",515,1957,1676,1351,5861,FALSE,5499
17-02-2023,weekday,"('Corn Capsicum', 'Veg Manchurian', 'Arhar Dal tadka')",550,1817,1665,1319,7283,FALSE,5351
18-02-2023,weekend,"('Egg Cury', 'Matar Makhana', 'Dhana Dal')",550,1988,1691,1322,6414,FALSE,5551
19-02-2023,weekend,"('Egg Cury', 'Matar Makhana', 'Dhana Dal')",625,1910,1658,1270,6359,FALSE,5463
20-02-2023,weekday,"('Egg Cury', 'Matar Makhana', 'Dhana Dal')",647,1921,1612,1308,6921,FALSE,5488
21-02-2023,weekday,"('Corn Capsicum', 'Veg Manchurian', 'Arhar Dal tadka')",549,1889,1626,1403,6824,FALSE,5467
22-02-2023,weekday,"('Gatta Cury', 'Tawa vegetable', 'Pindi choley')",589,1876,1706,1303,6641,FALSE,5474
23-02-2023,weekday,"('Corn Capsicum', 'Veg Manchurian', 'Arhar Dal tadka')",549,1896,1830,1223,6437,FALSE,5498
24-02-2023,weekday,"('Gatta Cury', 'Tawa vegetable', 'Pindi choley')",501,1893,1818,1256,6455,FALSE,5468
25-02-2023,weekend,"('Gajar Matar', 'Kadhai soya', 'Black masoor dal')",505,1909,1745,1331,5783,FALSE,5490
26-02-2023,weekend,"('Sitafai subzi', 'Lauki Kofta curry', 'Mix dal')",765,1898,1657,1246,5674,FALSE,1566
27-02-2023,weekday,"('Corn Capsicum', 'Veg Manchurian', 'Arhar Dal tadka')",573,1835,1696,1238,6188,FALSE,5342
28-02-2023,weekday,"('Gobhi matar', 'Sev tamatar', 'kala channa')",574,1952,1612,1350,6573,FALSE,5488
01-03-2023,weekday,"('Gatta Cury', 'Tawa vegetable', 'Pindi choley')",506,1999,1621,1296,6691,FALSE,5422
02-03-2023,weekday,"('Gajar Matar', 'Kadhai soya', 'Black masoor dal')",512,1863,1828,1295,7056,FALSE,5498
03-03-2023,weekday,"('Egg Cury', 'Matar Makhana', 'Dhana Dal')",666,1802,1637,1265,6538,FALSE,5370
04-03-2023,weekend,"('Gatta Cury', 'Tawa vegetable', 'Pindi choley')",622,1888,1720,1206,6098,FALSE,5436
05-03-2023,weekend,"('Gobhi matar', 'Sev tamatar', 'kala channa')",671,1849,1724,1352,5679,FALSE,5596
06-03-2023,weekday,"('Corn Capsicum', 'Veg Manchurian', 'Arhar Dal tadka')",716,1844,1615,1220,7077,FALSE,5395
07-03-2023,weekday,"('Gajar Matar', 'Kadhai soya', 'Black masoor dal')",565,1932,1652,1206,7149,FALSE,5355
08-03-2023,weekday,"('Corn Capsicum', 'Veg Manchurian', 'Arhar Dal tadka')",549,1949,1679,1252,6336,FALSE,5429
09-03-2023,weekday,"('Egg Cury', 'Matar Makhana', 'Dhana Dal')",553,1856,1740,1215,6740,FALSE,5364
10-03-2023,weekday,"('Gobhi matar', 'Sev tamatar', 'kala channa')",529,1882,1817,1216,6623,FALSE,5444
11-03-2023,weekend,"('Corn Capsicum', 'Veg Manchurian', 'Arhar Dal tadka')",546,1911,1604,1480,5874,FALSE,5541
12-03-2023,weekend,"('Gajar Matar', 'Kadhai soya', 'Black masoor dal')",621,1903,1601,1234,6550,FALSE,5359
13-03-2023,weekday,"('Sitafai subzi', 'Lauki Kofta curry', 'Mix dal')",604,1856,1815,1221,6477,FALSE,4496
14-03-2023,weekday,"('Egg Cury', 'Matar Makhana', 'Dhana Dal')",515,1877,1606,1455,6793,FALSE,5453
15-03-2023,weekday,"('Egg Cury', 'Matar Makhana', 'Dhana Dal')",517,1843,1757,1229,6267,FALSE,5346
16-03-2023,weekday,"('Veg Jalfrezi', 'Paneer Lababdar', 'Red masoor')",573,1866,1832,1210,6536,FALSE,5481
17-03-2023,weekday,"('Veg Jalfrezi', 'Paneer Lababdar', 'Red masoor')",561,1834,1679,1255,6837,FALSE,5329
18-03-2023,weekend,"('Veg Jalfrezi', 'Paneer Lababdar', 'Red masoor')",602,1820,1624,1416,6748,FALSE,5462
19-03-2023,weekend,"('Gajar Matar', 'Kadhai soya', 'Black masoor dal')",0,2035,1765,1540,5377,FALSE,5340
20-03-2023,weekday,"('Sitafai subzi', 'Lauki Kofta curry', 'Mix dal')",575,1889,1645,1378,7082,FALSE,4487
21-03-2023,weekday,"('Gajar Matar', 'Kadhai soya', 'Black masoor dal')",685,1849,1635,1266,6087,FALSE,5435
22-03-2023,weekday,"('Corn Capsicum', 'Veg Manchurian', 'Arhar Dal tadka')",527,1854,1690,1355,6021,FALSE,5426
23-03-2023,weekday,"('Gatta Cury', 'Tawa vegetable', 'Pindi choley')",606,1965,1638,1231,5731,FALSE,5440
24-03-2023,weekday,"('Gobhi matar', 'Sev tamatar', 'kala channa')",582,1887,1674,1307,5929,FALSE,5450
25-03-2023,weekend,"('Gobhi matar', 'Sev tamatar', 'kala channa')",25,1963,2074,1376,5470,FALSE,5438
26-03-2023,weekend,"('Gatta Cury', 'Tawa vegetable', 'Pindi choley')",519,2038,1688,1349,6551,FALSE,5594
27-03-2023,weekday,"('Corn Capsicum', 'Veg Manchurian', 'Arhar Dal tadka')",624,1831,1686,1274,5619,FALSE,5415
28-03-2023,weekday,"('Sitafai subzi', 'Lauki Kofta curry', 'Mix dal')",602,1837,1622,1414,7141,FALSE,4475
29-03-2023,weekday,"('Veg Jalfrezi', 'Paneer Lababdar', 'Red masoor')",718,1894,1634,1211,6413,FALSE,5457
30-03-2023,weekday,"('Sitafai subzi', 'Lauki Kofta curry', 'Mix dal')",526,1805,1622,1358,6798,FALSE,4311
31-03-2023,weekday,"('Gajar Matar', 'Kadhai soya', 'Black masoor dal')",600,1896,1659,1321,7430,FALSE,5476
